Scientific_Names,Common_Name
Aesculus flava,yellow buckeye
Betula alleghaniensis,yellow birch
Betula nigra,river birch
Carya glabra,pignut hickory
Carya ovata,shagbark hickory
Fagus grandifolia,American beech
Populus deltoides,eastern cottonwood
Quercus rubra,northern red oak
Tilia americana,American basswood
Quercus alba,white oak
Acer saccharum,sugar maple
Viburnum nudum,possumhaw
Acer rubrum,red maple
Vaccinium corymbosum,highbush blueberry
Hamamelis virginiana,American witchhazel
