"Common_Name","spp_obs#"
"American basswood",379
"American beech",165
"American witchhazel",174
"eastern cottonwood",266
"highbush blueberry",148
"northern red oak",160
"pignut hickory",286
"possumhaw",226
"red maple",146
"river birch",510
"shagbark hickory",354
"sugar maple",288
"white oak",159
"yellow birch",598
"yellow buckeye",297
